id,text,target
770976639173951488,@noseashetero 1000/10 de verdad a ti que voy a decir petarda que te quiero m√°s que a m√≠ mismo  ‚ú®,P
771092421866389508,@piscolabisaereo @HistoriaNG @SPosteguillo las tengo pero a√∫n no las he le√≠do. Caer√°n prontito ,P
771092111429083136,"Al final han sido 3h  Bueno, ma√±ana tengo fiesta as√≠ que.. No me quejo ",P
771092070572449796,@Jorge_Ruiz14 yo no tengo tiempo para esas cosas ahora mismo ,N
771094192508600320,@_MissChaotic_ ves ese brillo? es un coso que hace que se sepan a kk ,N
771116956518875137,Tengo una perrina adorable... Sab√©is que me acompa√±a hasta la a habitaci√≥n cuando me voy a dormir? ,P
771115324884262912,"@juankipua Es que en el Ojeando el a√±o pasado tampoco, tiene muchas canciones ya jajajajaja ",NEU
771118683414560768,"Bueno, estoy en la batalla final del Conquista y ya despu√©s me faltar√≠a Revelaci√≥n ",NONE
770550748107202560,@CondeDuqueMAD ¬øma√±ana s√°bado 31? En que d√≠a vives?  Ma√±ana es mi√©rcoles 31.,NONE
770549862500802560,"@agcasti y el caminante ante el mar de niebla, uno de mis cuadros favoritos en portada ",P
770549380294336512,@vitojph ¬°s√≠! Y me ha encantado  ¬øT√∫ ya las visto? ¬øCu√°ndo comentamos?,P
770558771219271680,@aladroqe Se me olvidaban los grandes @2qblog y @estapillao ! A ver si os interesa es hilillo ,NONE
770558626788507648,"@pendragoncillo Mejor si pones un link a la cuenta, me ha costado encontrarte.. ",N
770555355491426305,@Majoras_Mark Por?  Ten√≠a pensado verla despu√©s de la segunda de Daredevil ,NONE
770554917685719040,"@SoofRawr + ni el de al lado, la ""manita"" que usas para que se vea como m√°s negro ",NONE
770527686116700160,Llevo despierto desde las 8 porque un puto mosquito estaba volando en mi puta oreja y ,N
770521682842877953,@ArchivoSGAE Qu√© estupendo. Y... ¬øc√≥mo os lo encargo?  ¬øEs la estupend√≠sima versi√≥n de Barce..? ,P
770470969085464578,Cosas que enamora las tostadas calentitas a estas horas de la ma√±ana ,P
770544710440083456,"Hola buenos d√≠as, me he dormido a las 5 y algo y me acabo de despertar y se me ha ido el sue√±o ",P
770560227531948032,@omixam no creo que hayan dise√±ado una tipo propia ,N
769977284514156545,@perriestheory sabes que en 2012 o 13 ten√≠a una novela de mierda en la que perrie era mala ,N
769979388825927680,@CarlosSadness en ninguna porque no te he visto en directo  concierto en madrid pronto pls,NEU
770057070611722240,@uravity_ lo se pero tengo la esperanza de que en realidad sea un personaje mucho mas oscuro ,N
770056603924037633,Pa una vez que me pongo a ver pel√≠culas con un amigo y se queda dormido ,N
770059333489025024,"@Hanita_chan nfin, no puede ser peor que un minikayato  Clauyato is real",N
770053036483940353,@KharanosGame Que Kinox no me quiere   zi yo zoy buena perzona,N
770032814729355264,"Este viernes ir√© al cine a ver #NoRespires para celebrar mi cumple. Por cierto, no est√°is invitados ",NEU
770221197309120512,"Podr√≠amos empezar septiembre desde el d√≠a tres, no s√©, estar√≠a guay ",P
770220682504470528,y lo peor de todo es que funcionaba maldita Jaco como te quiero ,NEU
770219320643387392,aqui fardando de que soy vegano desde hace 2 dias con mis amigos de tuiter! ,P
770187533531643904,@MisfitStormer pues hay gente as√≠ de mala por el mundo ,N
770223986382962688,@Mentestropeada Atraigo por los dos lados es un problema duro ,N
770222346829520896,@YG__GF me ofrecer√≠a pero gerald es demasiado lindo ,NEU
770238296865792000,@baad_news es direcci√≥n de proyectos en empresas audiovisuales ,NONE
770238084764041217,Como destrozaba el puto movil ahora mismo ,N
770237903062654976,#DiaDelVideojuegoHC por todas esas grandes tardes que nos hacen pasar y las que pasaran! ,P
770237223916670976,"@DarkGiirI que va t√≠a, muchos son viejos de mi madre, otros del chino. Los que me encantan y me estoy comprando son los del Kiko ",P
770236753525481473,Parece que hasta ma√±ana no podr√© catar el madden. Hoy no habra directo ,N
770242315306799104,Mi compa√±ero de trabajo ser√° mi futuro marido... que pena que no lo sepa ,N
770215539037839360,@Reporte24ES @LaVerdad24ES fallecido hace meses. Hay q contrastar. ,N
770214477363023872,@Yore89 necesito mi raci√≥n de atenci√≥n diaria que si no no mantengo la autoestima ,N
770201127057063936,"@CristyStruky Gracias por dar a ""Me gusta"" a nuestros tweets  ¬øque tal? ¬øest√°s trabajando Cristina?",P
770267484553347072,@Club_Ratoncito Nuestros ni√±os no andaban de lo m√°s animado con eso de que se acaban las vacaciones... ,N
770266021802471424,@vivanlospipis ser es muy malo pero bueno te salvas porque te queremos igual ,P
770270539772493825,Pero solo cojo 5 d√≠as porque me cambio de curro y ,NEU
770269675141881856,"@dorysmemories Yo tambi√©n me lo imaginaba as√≠! Tambi√©n soy de las que creen que el casting es buen√≠simo, al menos yo estoy contenta ",P
770269426834894850,Despues de trabajar duro me merezco mis caprichos ,P
770262568703291392,@LorasTyrellSer Yo tambi√©n te puse algo bonito. Cuanto desprecio ,NEU
770272501196845056,No encuentro el mando de la tele y me estoy poniendo nerviosita ,N
770246064645496832,Lo mejor de estar ya en M√°laga es poder ir a ver Escuadr√≥n Suicida esta tarde ,P
770178218255147012,"@LaFeaDelBaile insoportable? Eso es lo que t√∫ dices  Ya nos contar√°s, espero que vaya todo genial ",P
770174003164155905,@toniroldanm y por cierto el respeto (y en mi caso admiraci√≥n) es mutuo ,P
770173260218720256,@CainQ yo he subido una en gayumbos hace nada. Qu√© poco me lees paisana     @Ichabod1880,N
770281603713101824,@EskizoSirenita hay que ser mala persiana para quitarte esa diversion ,N
770281218948624384,@myvidaconlibros ¬øverdad que s√≠? Yo tambi√©n me quit√© un gran peso de encima ,P
770281174451257344,"@cardinaleconnor Ma√±ana no :(, pero seguro que hay gente buena  @cuatro @mananascuatro",NEU
770277686304468992,"@DeathManu94 @piercetheidiot ya lo s√©, pobre Uno  Te acompa√±o en los feels",N
770287599500091392,@_anarKopunK_ @jkarlos1998HD y a√∫n as√≠ estoy en el campo   y l edici√≥n coleccionista tengo que acabar de pagarla,N
770283477195452416,me mantengo optimista pero se me hace dif√≠cil a veces de verdad ,N
770288042687037441,@tachina @EW @Outlander_STARZ S√≠! Yo creo que vamos a acabar muuuuuuuuy contentas ,P
770208550824075264,"Vale entiendo, no he estado r√°pido en la bajada, pero hay es donde habr√≠a que haber entrado    @ivanovlaguna",N
770208079099072512,"@GxDRadioGalega Correcci√≥ ""Nin se nos pasa pola cabeza NON ser segundos"". ",NONE
770204764709740544,Ha muerto mi profesora de volumen/escultura y en serio que bajonazo ,N
770250234916110336,"Haces que se vaya mi melancol√≠a, me devuelves de nuevo a la vida ",P
770249350194790401,@Sakura1474 tia que estoy a punto de acabar la novena voy con retraso ,N
770234256501141508,@Madridonasangre yo acabo de aportar mi peque√±a contribuci√≥n. Te sientes tan bien! ,P
770232966459092993,@dfresneda_UNED pues la aludida ...y yo mismo...s√≠...Buen d√≠a ,NONE
770231340612583425,Hoy una mosca no me dej√≥ dormir y me cago en su puta vida ,N
770230916048445440,"@Aldepadorio es un gran, gran tipo  @cesarmuela",P
770248941522784256,@FraanBMJ pero entiende que era nuestro sue√±o  adem√°s cuando la vi creo que est√°bamos en 5 de primaria o algo as√≠,NEU
770248677264883713,@Yuremonplsxd @PequeChikane Aqu√≠ habemos  me he saturado al leer eso idnwhy,N
770248351841456128,"@Jorge_LBU Espero que te mejores pronto, vomitar es muy desagradable ",N
770247683395190784,la chancla representa el asco y lo muy harta que est√° mi madre de aqu√≠ la menda ,N
770253038447624192,"Hola @xabyjordi gracias por la informaci√≥n, tomamos nota  Qu√© tengas un buen d√≠a",P
770254835669168128,"@TheFuzzCanyon gracias por etiquetarme, pero no suelo hacer estas cosas ",NEU
770254726134960129,@KikeMlaga @sanchezcastejon ¬øSocialistas honrados? Esto es un ox√≠moron. ,N
770257983737589760,"que le pasa a mi tumblrr o.O se ha vuelto extra√±o, no sale la musica ",N
770257496342659072,"Cada uno que busque sus mecanicas, pero que lo haga rapido antes de morir y eso ",N
770228440985468928,"@suomijon @chemiF1 @WinfieldF1 ... bien pienso que t√∫ te enquistas en temas secundarios sin ver ""toda la pel√≠cula"". ",N
770228393799520256,Ojal√° alguien llamandome bonito o precioso  sad,N
769975273559326720,@Sasnak95 @Muzska89 o hacemos presi√≥n social o esto no avanza ,N
770050213847367680,@aIfonsofr no lo consigo  ayudame porfi que es super importante,N
770075865845755904,"Despues de tener el combo perfecto pa sentirme como una mierda, a dormir ",N
770074975747313667,Necesito ver por lo menos una vez m√°s a Riri para irme a dormir m√°s conforme. ¬øPor qu√© tienen que echar a estas horas la gala?  #VMAs,N
770048662818938880,"@OnSuicidio es una barbaridad de dinero, y aunque lo tuviera no puedo porque se contrata antes del show  -Noe",N
770076999545196544,"@jose97angel ¬øeliminada? Nooo, no la han eliminado. Pas√≥ a la semifinal el otro d√≠a ",P
770151813064654848,@jonathanchacon te deseo much√≠sima suerte en tu pr√≥xima aventura t√≠o ,P
770151752964382721,"@EduHdez7th @UDLP_Oficial Preciosa vista y gran resultado, enhorabuena ",P
770135955109969920,"@_MrsCristina te amo, aunque parece que te has dormido cuando quedaban 5 o 6 ",NEU
770135922604138500,@MataTweet @Alejandro_Novas jajajajaja. El All Bran es Pro!  Buenos d√≠as compis! ,P
770025462152265728,De verdad desde que me puse las gafas moradas no soporto a ning√∫n t√≠o y ,N
770025123118215168,"El puente mas bonito de la constituci√≥n este a√±o en Alicante 12,13 y 14 @zaharapop en directo y all√≠ estar√© ",P
769981814689632257,"@ce_roses Ouch, ya no llego, a ver si para la pr√≥xima si que puedo  un saludo",N
770022541813489664,Aaaa aaa estoy tan cansada y me espera una semana tan horrible hasta el jueves que ,N
770162951571603456,"@Fourty35   Es este chisme, que no expresa los matices. No era la idea el elemento cortante.  ",N
770161501370015744,"Venga va hasta luego, solo he dormido 3 horas ",N
770161397665767424,"@Ronronia @MsLectora Uf, los freudianos! Vinieron a tomar caf√© el mi√©rcoles y aqu√≠ los tengo a√∫n,  acampados en el pasillo  Bon dia ",NEU
770160286699491330,Un vibrador que nos estudia...se adapta a nuestras necesidades. Lo mejor del #Verano este #juguete inteligente   https://t.co/VLgBuWnYX7,P
770159562490015744,"@carlachan Ja ja, hay gente muy cansina, sobre todo a partir de cierta edad, paciencia... ",N
770159312580800512,"@emedemo holaaaa de origen vegetal  nunca nunca nunca de origen animal, buen d√≠a ",NEU
770146996254547968,"@gilthoniel_1987 Si estoy trabajando üò≠, con vistas eso s√≠. Buenos d√≠as!! ",NEU
770142637852688384,"@eenriquelopez era por troleaer, usar store data  valdr√≠a auqn tampoco ser√≠a preciso. #troll",NONE
770208850788093953,oir a @KNekro  y a @G4G_Revenant que haran directos del wow pero no se acuerdan que el server lo mas seguro ni que vaya  jaja ,N
770183418189668356,@ElnAlfaro S√≠. En realidad no pensaba q fueran a recortar tanto. La querencia es mutua ,NEU
770198030708510721,"@lococamionero @pnique no, si pagar le pagaba bien, tranquilo ",P
770212600881766400,lo mejor de to es que me examino justo el dia de mi cumple pero bueno la vida ,P
770739469502865408,"@alejandrosanmo @luisalisferrer Hay una historia escrita donde salen las mujeres, pero no es tan popular ni se estudia en las escuelas ",N
770752938147012608,"@Valenciazombi Genial! muchas gracias. Mi fanpage de FaceBook sigue activa tambi√©n, aunque yo no entre ",P
770752263111446528,2. Si. Eres mi crush m√°ximo aunque te considere de mis mejores amigos ,P
770752206098272256,Digo yo que tengo mala memoria y mi vecino se ha tatuado el nombre de su mujer ,NEU
770737973759447040,@enriccortinhas Mil gracias por compartir Enric! Feliz noche ,P
770737743999668225,@BrokenCr0ss_ Eres mi emo fav. Lo de emo es co√±a se que no lo eres. Quiero verte. Cantas muy bien maldito. ,P
770769659683545088,@IleniaGarcia @LauraHerreraCb @Caro96lina @LaraRMartin HAHAHAHHA MMM NOS VAMOS EN 2 semanas y no tenemos ni hotel Pa la primera noche üòÇüòÇüòÇ ,N
770768269292822529,@YumaRuchi sigue mejor que mi pelorizo  FeelsBadMan,N
770767938991353856,Limo sadboy de mierda la vida es maravillosa ,NEU
770734183169789952,"@marcasgz ufff ni te imaginas, y claro encima d√°ndome golpes en la cabeza por mi sentido del humor ",N
770733650501566464,Aqu√≠ ten√©is el segundo v√≠deo del d√≠a  14 d√≠as para tener PES 2017 y la demo de FIFA 17!! WUOUUOO   https://t.co/8hh6Fu6kRB,P
770771380975591424,en verdad me duele la vida recordar este momento porque fue tan bonito ,N
770770970596483072,"@CharlieSkelter ehhhhhhh ese no he sido yo, y lo digo muy en serio  hasta los cojones de que me roben mi puto identidad.",N
770770961494863873,Que mal rollo da dormir sola diariamente en casa ,N
770770776060559361,Lo que ma el ser optimista que hay en mi (qUE LO HAY AUNQUE SEA MIN√öSCULO) Lo que meno el hecho de no confiar  https://t.co/OafLkK91G2,NEU
770637346450661376,Bueno ya tengo unos links guardados para el summer finale de pll  Espero que me funcionen hmm...,P
770636899971108864,@Pedroner Pues deja de hacer en pervertido y de viciar y haz algo por tu vida ,N
770722093860327424,"Dicen que Twitch va mal hoy, pero a√∫n as√≠ os pondr√© stream en 20 mins ",NEU
770704491117150208,"@jjsaenzde A m√≠ me haces un favor, encantado  @srtagalicia",P
770703890220212225,@arturocaracuel @javifontalba @joaquinito71 @desmarquemalaga el.partido estaba pa Lugano ,NEU
770705925149696000,@manueljorgegh @RLloria gracias  feliz noche a ambos!,P
770705705523351553,"Necesito dos rodamientos, Marcos ma√±ana traemelos porfa ",NONE
770702799470489601,@lantoli podemos usar el t√©rmino.equipo pepino ,NEU
770702414852882432,@GermanDZ @jmbeas @CarlosTheSailor @penguinjournals Yo creo que el consumo cerebral es inversamente proporcional a su uso ,NEU
770701854661611520,"Tengo poco dinero y poco nivel (nivel 6 bitches). As√≠ que nada de historia, farmear y contratos a muerte ",N
770700832329302016,@ranoeldelbar @HacheFilardi @Noel_PI Claro claro! Buscamos justo los otros ,NONE
770700614208786432,"@mividaaburrida @juanpabloraba por dios que guapo sale, que pena que en espa√±a supongo que no saldr√° ",NEU
770698967474696193,"@Soukron si mi sal√≥n de 25m pasar√° a ser de 50‚Ä¶ igual si, pero para m√≠ caso ahora mismo, ideal ",P
770726042315161601,"¬°Eh @rccelta_oficial, #GuidettiNoSeVende!   Pero entre nosotros... Si lo vend√©is, mandarlo para Valencia eh  #AmuntValencia #HalaCelta",P
770725676798410752,@ricki33_ me quedo con la t√≥nic ya sabes que soy un cl√°sico ,P
770725552944742401,"@whoscabello Es que es verdad, prefiero mil veces que estea sana que ir a verla al concierto y que se encuentre mal ",NEU
770639468650954752,"@LaQueSoySiempre @ealbaga Por desgracia vende m√°s  ,ri√±as,trifulcas,peleas,al cuello!! m√°talo!!",N
770624050259451904,"@SoRaRaP eso ser√≠a m√°s propio de ellos, yo no me ensucio las manos con personas dependientes ",N
770644810118168576,"@LaQueSoySiempre Te comprendo,dominar y anular como haces t√∫ conmigo al HABLARME en voz ALTA,ok ",N
770641472580415488,"@GemitaKbyos ¬°Enhorabuena! Eres la ganadora del sorteo,escr√≠benos por mensaje privado para darte el premio ",P
770641328283811840,"@AitanaZD ¬°Enhorabuena! Eres la ganadora del sorteo,escr√≠benos por mensaje privado para darte el premio ",P
770678209381892097,"@Noel_PI habr√°, pero no conozco y tb habr√° mucha etimolog√≠a popular falsa... El Wiktionary para mirar uno por uno va bastante bien ",NEU
770677317895094273,"@xladyoflight claro que s√≠, Par√≠s merece mil visitas ",P
770654500306690048,.@FestivalGigante vamos a estar desde primera hora viendo a @GoleYaika y @SonogramaGrupo pero son bienvenidas alternativas emergentes! ,P
770654319213436929,@Safreeoficial y pfff...tambien la gente me caia genial..y me da muchisima pena ,N
770680542522183680,La persona vale para algo. Otra cosa es que no te creas lo maravilloso y ese arte que puedes desplegar..fingelo hasta que se exprese. ,P
770680162115588096,"@pmklose Le conoc√≠ en 2011, me pareci√≥ inteligente, respetuoso y respetable, pero combativo, si... ",P
770687795396509696,@cartoblasto @mrobaina @uby77 no seas malo  se pide sobre PIB  d√©ficit 4% es 40.000 millones gastados + que ingresados jaja,N
770687689020600321,@AliceDesuDesu Legion>Novia? Lo bonito es Legi√≥n + novia en el pack  asi juegas con ella.,P
770624610798858240,@RaulVCF__ ya y asi se va a quedar hasta que encuentre una de villa nueva en calidad ,N
770684236533796864,"Doght es amable,Doght es cari√±oso,todos quieren un Doght,disponibles,en ninguna parte ",NEU
770683204047175680,@albertbru una especie de Titanic pero en versi√≥n cutre no? ,N
770689773040173056,15. No me gusta el t√©rmino   16. Meh  17. Depende de qu√© 18. No  19 Un perrete prechiocho  20. No 21. No 22. El a√±o pasado,NONE
770689436459921408,"@maaryamxd le doy a me gusta como fuera Rt ya que tu cuenta es privada,vale? ",NONE
770689209095098368,@xtrelok pero del practico ya? No me dijiste que hac√≠as pr√°cticas. ,N
770707842886164485,@jimena9011 @JM_VelascoG muchas gracias! feliz noche a ambos ,P
770707710765588481,"@SiMeLaTarareas @HacheFilardi @Noel_PI s√≠, los ep√≥nimos!  como ""rebeca"" tambi√©n ",NONE
770710633037824000,"@magoangelESP mago dejaras el v√≠deo subido en youtube, es que ahora no lo puedo ver ",NEU
770682589455773696,@BorjaCastejon Ll√©vales bibliograf√≠a! La evidencia en educaci√≥n m√©dica existe ,N
770710821513158656,"Si pap√° vas a regalar mi piano, tranquilo que te dejo, no te preocupes ",P
770657940365778944,@ShiyuuTeikoku @__Frostmourne__ y ojo no les nombres el HSM que se ponen todo dignos ,N
770657834749034496,Me retuitea gente que no conozco y sus amigos no tiene los mensajes abiertos y no s√© que haser ,N
770657192357789696,@esther_trota Espero que te guste  Escocia es precioso!,P
770720098789261312,@lonchbox @ipatri @Joan_Artes @martasimonet @malabache @YouTube el dulce de leche hizo mucho da√±o ,N
770719897940848640,@Aitorek @ArvenLoL yo ya en eso no me meto  sacar las cosas de contexto y llevarlas a tu terreno es algo diferente,N
770718625875591176,"@_rvng En Castalla (Alicante) muy oportunamente, a primeros de mes celebran sus fiestas de Moros i Cristians i todos est√°n de fiesta! ",P
770717939175723008,"@MonicaRuedats gracias, M√≥nica! feliz noche, guapa ",P
770717151120465920,Encantado @juanl_cruz  est√°s siempre bienvenido. Espero visitaros en M√°laga antes ,P
770754988939370496,@Maleski ¬øY a tu agente del CNI no le deseas buena noche? Pobre. ,N
770720434941820928,@AngryCharlio ostia... jugaba a uno de los primeros en la SNES en japon√©s!! Y lo jodido es que lo acab√©  Me encantaban estos juegos!,P
770713182533025793,@Pablogorrito @Yulian_Poe Vale me san confundio los oido  hac√≠a mucho que no escuchaba el cara al sol JAJAJA,N
770712312693030912,"@Suli22 ni siquiera llegu√© para ver las competiciones de R√≠o en directo, solo las barras asim√©tricas de Aliya ",N
770714136904863745,"@ialcazar @CarlosTheSailor @kinisoftware @tolivern Ah! No se, yo uso sickrage que no entiende de divisiones ",NONE
770715715003355136,"@Pablogorrito @Pablo_VzP No sabe a mierda, est√° muy buena ",P
770715234642329600,"@Tokpelotas @Carlbozal +1 y coincido, no imaginaba que el 4k se notar√≠a tanto a esas distancias. Pensando en pasar a Netflix UHD ",P
770711670809300993,@BornToBeJuan lo siento Juan ya sabes que soy hetero ,N
770711642971734016,@thorelvasco @PabloGenis yo no me tiro pedos soy un princeso ,NONE
770711406857555969,Mi m√≥vil no me deja abrir los grupos y tengo unos 600 mensajes as√≠ de regalo ,N
770656648834801668,"@GinaSieben Pues s√≠, es precioso como bien puedes ver en el v√≠deo ",P
770667983236636672,"@mtscano veo ahora mismo m√°s f√°cil el s√≠ del PNV ma√±ana, ha dejado clarito lo que piensa del di√°logo aqu√≠ ",NEU
770667505425780736,"@johnny21es Bueno, me piro a la piscina , que hace un d√≠a estupendo ",P
770670451899133956,@aparachiqui @kikollan tu suma a una semana de verte abocado a elecciones ,NEU
770670356612939780,Isco con Juande no seria titular y lo sabeis... al mister le van mas los Tissones... ,N
770627505854226432,"Esto de salir a en punto de casa, y que el bus tarde 10 min en llegar, y vaya muuuuuuy tranquilo no me gusta. Eh? ",N
770670090345938944,@offerrall @DarksDiego997 se puede hacer directo desde la ps4 sin capturadora ,NONE
770669297488302080,Me meo con las voces espa√±olas  encima pronuncian Raven como /raiven/ en vez de /reiven/.,N
770673904335646720,"@Noel_PI Y Noel significa Navide√±o, pedo tambi√©n lo asumimos. Pero alguien lo tuvo que poner por primera vez ",NONE
770693990895194112,"tengo muchas ganas de mimitos, y sabia que pasaria y ahora pos  a ser fuerte o algo",N
770666914523774977,la verdadera eriichii me hubiera dado besitos SO MARRANA ,N
770666893116145664,"@hectorboigues ay, pues gracias...  Al menos t√∫ s√≠ lo ves como algo ingenioso... Ayer me dijeron que ten√≠a un insufrible sarcasmo √°cido ",NEU
770696022439890944,@Nadieelosabe Vale vuelvo a preguntar. No sabia no que te siguiera ,NONE
770695708399796224,@SEGAFORLIFE es la feria de mi tierra  Solo espero que sea un √©xito y ser un gran anfitri√≥n ,P
770629639295434752,"@HCFanego @almoregan Gracias, t√∫ tambi√©n  Por cierto, vete rellenando la bodega, que el 17 estoy all√≠",P
770628475229175808,"@mercesori @clicfox ¬°Enhorabuena! Eres la ganadora del sorteo,escr√≠benos por mensaje privado para darte el descuento ",P
770758191365980160,"@Sara_Bouvier nada, yo por lo menos cuando compr√© la guitarra el√©ctrica me sali√≥ muy parecido a s√≠ la hubiese comprado en Thomann ",NEU
770757357513109504,"Un poquito de Ministerio del Tiempo y a dormir, que ma√±ana hay que hacer muchas cosas  Bona nit",P
770760066127495168,"@SonrieXRIZ ya  Si alg√∫n d√≠a soy rica te llevo conmigo a verlo a donde sea, promesita üëâüëà",P
770759439347544064,"No, no. Ya no te quiero, me declaro soltera a partir de ahora, me has hecho da√±o  @carjudi6",N
770784389953359873,@imconnorstruck mi coraz√≥n dej√≥ de palpitar como una papa frita cuando empez√≥ el cap√≠tulo  #PLLSummerFinale,NEU
770661853827592195,Lo mejor de todo...la felicidad   felices porque pronto veremos la boda de J&P‚Ä¶ https://t.co/RXtpPrcVe7,P
770646758020026368,@forbaltihood De nada jo a veces solo hace falta esperar y tener paciencia ,P
770646332184944640,@Haplo_Schaffer Lo mejor son sus amiguitos defendi√©ndole dici√©ndome a m√≠ que pase p√°gina cuando es √©l el que no me deja en paz ,N
770646101653393408,"@BubblesaurTV eso es lo peor de todo, de verdad, no se c√≥mo no les da verg√ºenza, me dan ganas de llorar ",N
770648383098908672,@CheeseLena_ emberd√° mis dibujos del paint son mejores ,N
770643261140656132,@plcido_vzquez @cultrun creo que duran m√°s que tantos amores eternos ,NEU
770665974752243712,"@hectorboigues a preguntas mediocres, respuestas ingeniosas...  ",N
770665070993018881,"@lorzagirl oye, que mi madre se le cort√≥ la leche  y mirame, 1,85 XD, aunque algo enfermizo de peque√±o. Ahora, lo de la leche X...",NEU
770622081922891776,"Ya lleg√≥ Unidos Podemos, @Pablo_Iglesias_ y @AGarzon acaban de llegar juntos al @Congreso_Es ",NONE
770621786169958400,@ArthasSama @Holic_meri es por no destrozar tus posibilidades con la gente guapa ,NEU
770650861160828928,@TheFlowerGirl90 a bueno le fuistes a decir.....  quevaaa yo tengo muy poca cosa tambien ^^ ,N
770275229742628864,@Crisnosesae @l30n4_ tio a mi sus libros me encantaban  pero es verdad que con el mensaje se ha pasado de clasista xd,NEU
770275162415661061,@javier_andres @txarly fui idiota y pude comprarlas hace d√≠as. Parezco nuevo. ,N
770275068949700608,me he ido a la ducha y se me ha olvidado coger la ropa  ahors tengo que salir a por ella y como haya alguien en mi ventana me ve desnuda,NONE
770274624651325440,"@Shiroychi ¬°#Nunca! ^^ Lo hablaremos, lo hablaremos. ^^ Seguro que coincidimos en m√°s de una convenci√≥n. ",P
770274148492992512,@LauraCarvajal @RLloria @arturovillegasg @perezreverte @BmDulce @scardige @Laura_Chica @drcesarlozano un abrazo  es mutuo!!,P
770274050727931904,@KoiSamsa jajajaja yo creo que esa fue improvisto eh! muchas grasias hermosa!! ,P
770315388064239616,"@LovNaty Tu vida ha parido a un grandisimo hijo de la gran p... , un maravilloso hombre!!. ",N
770315319881719808,"@Javiturpeiro eso dice mucho de √©l... as√≠ que nada, t√≥mate tu tiempo que cuando est√©s preparado, todo llegar√° ",NEU
770315307206471680,@ninivecardenas2 Te puedes creer que te iba a poner lo mismo  Te quiero mi Nini,P
770291852914425857,@Rakshasa21 Pues no disfrutar√°s de un Dulce suelo ,N
770291537481723904,"@ISanDesign @Hobby_Consolas jaja y por que lo peor, los juegos de Ubisoft no son tan malos, lo que si es un poco malo es ser solo de Sony ",N
770291372272259072,¬°Ya hemos contactado con los ganadores de #YosoyMTVJammingVibe! Atentos porque ma√±ana lanzamos nuevo #concurso  https://t.co/K0xoobBiM3,NONE
770114408467095552,"Cuando no puedo dormir, escribo todo lo que preocupa en una libreta que alguien me regal√≥ y es como un somn√≠fero instant√°neo ",P
770142365927501824,"@StealThisHills omito el *con alguien*, pensaba que estaba claro ",N
770140633419964416,@Otxu88 espero que fuera todo bien y ahora a por una gran semana ,P
770114952455712768,"@CNNEE y si puedo trabajar en Madrid, Buenos Aires o Bogot√° yo ser√≠a tambi√©n muy feliz hihihihi ",P
770169656451731456,"Al principio √©l no te gusta , pero te acaba gustando y cuando te deja lo extra√±as ",NEU
770156782299865088,"@tinoroso @titomartin67 @uby77 es un t√©rmino coloquial, no un an√°lisis ",NONE
770155606514728960,me encantar√≠a mucho tener una buena c√°mara y saber como usarla a la perfecci√≥n ,P
770166170624360448,"@_mhiguera en cualquier caso gracias por tu ""welcome back"". Qu√© c√°lido ha sido ",P
770165342035410944,Han tenido buena iniciativa @AnabelCampo y encima son amigos ,P
770165126519525376,"@_mhiguera me ha dicho que es ""bienvenida de nuevo"". Pero ya me has hecho ir all√≠ y ya  t√∫ sabes que no suele haber nada bueno ",N
770164540118016000,"Ahora me daba yo un manguerazo a ver si se me quitaba esta cara de ""hola he dormido 2 horas"" ",N
770163887836696576,"@JulenReal Anda que no nos hemos subido ah√≠ tu y yo en el paseo nuevo,  en fiestas de semana grande  ... ",P
770459663859146752,@henryancat tio es que esta el librillo recien comprao der chino y me toca la polla üòÇüòÇ vente pa casa te doy un piti ,N
770480174035075074,Janowiiiiiiiicz ole tus cojones y ole tu set y tu over!!!! No me pago las fiestas pero si alg√∫n cubata!! Buenos diiiiias mundo!! ,P
770541228299526144,@AlbbaBernet p√≥ntela y te das una vuelta por M√°laga porfa ,NONE
770540223751225344,"Me ha explotado un vaso en la mano, que forma tan bonita de empezar el d√≠a ",N
770539606387396608,"@crypsicho Significa que nos ha resultado gracioso c√≥mo lo has dicho. Como ya comentamos, al final en 2016 es imposible traerlos ",N
770539347779158016,"@insumisiones Es asqueroso esto. Amiguitos de mi ex diciendo que normal que me pegase porque ""tengo mucha mala leche.""  Incre√≠ble.",N
770565952303951874, alguien sabe donde puedo intercambiar photocards de exo? o-o,NONE
770564742947696640,AHHH Todo el mundo me manda audios y no puedo escuchar canciones tranquila ,N
770584408080474112,"@Nine_Stories Somos peque√±os y modestos, no podemos abarcar mucho m√°s. ",N
770584357983621120,"@GabanFK tengo las 3 ediciones originales, y bueno...no los aguanto, demasiado antiguos ",N
770582848885649408,@HijodeBilharzio Que bonita zona de entreno escogieron ,P
770582154040451072,@FrigoAdri yo tengo que verlo tio  jaja pero se lo merece  ya hacia tiempo que lo se merecia,NEU
770582014118559744,@DanteDirewolf porque cuando ve√≠a a mi hermano jugar ten√≠a malas pulgaaas ,N
770581249975083008,"@CarlosLMiranda Buen art√≠culo Carlos , se va Lucas pero tampoco hay que dramatizar , casi me haces llorar ",P
770578350955978752,"Despues de todo sigues pendiente de mi y lo sabes, pero autoenga√±arse is moreee easyy ",N
770577933660454912,@UniversoMujer18 ya se acabo la hora jajaja estoy expectante a ver si me ha tocado el #cubreSelFem para llevarlo a todos lados puesto ,P
770577763967365120,Alg√∫n alma caritativa me tiene que prestar el Pokemon  ,NONE
770571007736287232,"@lithospheric Mejor. Cuando pagan la ESA y la NASA, al fin y al cabo pagamos todos  Que chulada!",P
770570843382484992,"@RASAMA_ yo puedo cambiar de opini√≥n, de cara es m√°s dif√≠cil, porque vale una pasta. ",N
770570765821480961,@ivan11PG Aunque aqu√≠ precisamente ninguno de los dos pero da igual por qu√© me haces esto ,N
770569685834293248,"@BertoValen I'm back! Aunque est√© desaparecida en combate me alegro a lot de tu graduaci√≥n, Dr! Mucho √°nimo en el MIR! Un abrazo grande ",P
770575339466653696,"@FranCartagenaCT @BurnleyOfficial @ChelseaFC Bastante, bastante. Ganitas de verlo romper la Premier. ",P
770571712761069568,"@Vic_Phantomhive Nah, que soy un pringao que lleva aguant√°ndole mucho y ya estoy cansado ",N
770590253937790976,@goetha  Ahora es Abel quien est√° resfriado  es lo ke tiene estar juntos todo el tiempo jajaja el curro bien? ,N
770590136828559360,"@daniacal a√∫n no, pero si estar√° jugable en el TGS no creo que tarde demasiado. ",P
770590083753906176,"Est√° puesta la pel√≠cula de ""C√≥mo entrenar a tu drag√≥n"" en el autob√∫s pero la pantalla est√° demasiado lejos y yo soy un topo. ",N
770561721157255168,"√öltimo dia en Elche, ahora toca Benidorm ",NEU
770576044856320000,"@ivan11PG Aunque esto no es una lucha, estamos jodidos y punto ",N
770503792194453504,De aqu√≠ a una semana har√° cuatro a√±os que vivo en Barcelona. Creo que por el momento no se me ha dado nada mal ,P
770603865968353281,@Maquinuelo @ivansilvamatias si para ti que le vaticina al club 2 o 3 a√±os no son malas palabras vale   ,P
770603624028336129,"@nachobartolome de hecho, Nintendo Magic fue la principal fuente de informaci√≥n para mis especiales biogr√°ficos de Iwata ",NONE
770599961511596034,tio pero cuando dawn dispara a beth y daryl la dispara a ella inmediatamente y se pone a llorar ,N
770599293711421440,"@prettio_cgm bueno,  es algo..  Cuando encima no sabes porque te pasan las cosas todo es un poco peor  lo dicho, muchos √°nimos ",N
770594679255556100,Ha ardido una caravana aparcada al lado de la playa   Fuego ya sofocado por los bomberos @‚Ä¶ https://t.co/LgbW9ryGWy,NONE
770593840533241856,"@Perguelofici Pero, en gral, de acuerd una opini√≥n muy interesante! Tendr√≠a q escribir tambi√©n una entrada en mi blog  @CarmenAgustin",P
770619157935230976,"@MV3ga hay cosas del hilo con las que discrepo. Como me sigues hace poco, te aviso de que yo hago rt a lo interesante, coincida o no ",NONE
770618684876259328,"@joseplluismunoz @Congreso_Es @WillyVeleta @gerardotc Est√° de camino, fri√©ndose bajo el sol sevillano ",NEU
770617338307579905,"@otonashi_saya Pero la verdad es que en general no voy mal de motivaci√≥n... casi al rev√©s, me sobra motivaci√≥n (y ego ",P
770617284587098112,@ia_nav @Los40Trending @dcodefest @LEONBENAVENTETW ten por seguro que si queda libre cuento contigo ,P
770617213887746048,"@otonashi_saya Ja ja, imagino que cada uno de una forma distinta. Yo me compro gadgets o veo una peli (como Interstellar ",NONE
770616744192929792,"Mi √∫ltima partida jugada, con Sona support. La grandes razones para jugar Sona   https://t.co/2rgmMeAFIs",P
770616202993496065,"Me estoy cansando a dar rt a esto d ""rt o suspendes"" pa luego suspender fijo ",N
770605388290985984,Mi madre me deja ponerme rubia pero no el pelo morado ,NEU
770605337237975041,"Por una parte necesito la cena del s√°bado y volver a estar todos juntos, pero por otro lado pienso que nos vamos a separar y     ",NEU
770604489753624576,He hecho el primer pur√© de verduras de mi vida y parece pota y sabe mal ,N
770431282157330432,Por qu√© tiene que ser mi pelo tan goals mojado y tan mierda despues ,N
770428638705684480,@HunterRowland duchate rapido babe que tengo sue√±o ,NONE
770453393714348032,Eso de echar de menos tu propia casa son leyendas urbanas ,NEU
770466250900340737,"Tengo ganas de bronca estoy aburrido, proximo tweet abro el cajon de mierda ",N
770468520736030720,Ea ya ma√±ana cuando me despierte empieza la fiesta y ya estare distraido para el largo viaje de Valencia a Cadiz ,P
770534479072993280,"@lucyhale Las chicas fuertes y guapas han de luchar contra la oscuridad del mundo, que hay mucha. ",NEU
770532537269678084,@Carlos_GalindoL @FSanabriaLuis @Jluis_porta @cartoblasto @jjonline76 @uby77 las peque√±as diferencias que enfrentan las dos espa√±as ,NEU
770607143158444032,"@JorgeUfano ¬°Muchas gracias por la respuesta! Cualquier cosa, aqu√≠ estamos para lo que necesites  ¬°Saludos!",P
770613924031033344,Estaba el autob√∫s Benidorm-Madrid al lado con las puertas abiertas y me ha tentado subirme y volver. ,N
770612988281618432,@KMinorito Es que solo piensa que todas las canciones tristes que tienen (loser por ejemplo) son basadas en experiencia.. ,N
770632417782661120,"@REANYMA @FernandoFabiani No, no, ¬°dijo que dejaban de surfear por la cornea! Que se quedaban quietecitas. ",NEU
770633904072032256,"@AnaSJuarez @OfficialMauiJim ¬°Hola Ana! Te hemos contestado por mensaje privado, donde no hay limitaci√≥n de caracteres  ¬°Gracias!",NONE
770633713822601216,"@Defconplay de hecho lo confirmo, los caminos y las casitas son las mismas ",NONE
770630118247165952,Si alg√∫n alma caritativa tiene mac y sabe como instalar excell de windows que me diga pls ,NONE
770450466220171264,"@SylexVid @EnVy_HarryHook ?  a la derecha aparecen los personajes m√°s jugados en ranked, no lo que vamos a jugar ",NONE
770431992404082688,Ya dec√≠a yo que lo bueno me iba a llegar tarde o temprano  espero no poder equivocarme,P
770427312462450688,"Voy a so√±ar con f√≥rmulas matem√°ticas, historia del mundo y la pasiva en ingl√©s  *le explotar√° la cabesa*",N
770509927207038976,"@XulioePunto Pues escap√≥.. Y no lo dimos encontrado, estuvimos al menos 5 personas buscando y nada ",N
770434744748236800,@ragnomuelle Yo a veces hecho de menos mi pelo largo por eso mismo entre otras cosas ,N
770529111123066880,@joanllenas es que son todo cosas que me molan  A lo mejor ya conoces speaking.io de Zack Holman tambi√©n ,P
769734680748888064,que cansado me tenes albacete... que cansado!!    sino vuelvo a rosario en verano........... ojo.,N
770781870636273664,He visto un documental sobre las pir√°mides los moais y predicciones y ahora me da cosita dormir sola ,N
770797203157716993,"La regla me esta destrzando el cuerpo Quiero vomitar, me duele la tripa, la cabeza, tengo fiebre y estoy mareada y pf ",N
770777535579877376,"@zapejuana @Exojo @yeya_ade @rosipasmar @gartoro @nshradio Qu√© bonito... a m√≠ me tiene que pagar las horas extras tambi√©n, soy as√≠... ",P
770783076305821696,"@SomeJaneDoe_ nazismo y fangirleo como t√∫ filosof√≠a de vida, doble moral  juju",N
770874653896273920,"@carlosgterol @MataTweet Si, ayer estuvimos reunidos en Moncloa, pero al final habr√° que repetir elecciones ... üòÇüòÇüòÇ Est√° que responde! ",NONE
770874166182604800,"@monzonete Cuando me borr√© Twitter, jeje, esta cuenta es nueva, aunque con el mismo nick ",NONE
770876718974439424,"Ya es oficia nos quedamos sin Konoplyanka en @LaLiga   Eso s√≠, ser√° una alternativa barata a Reus en la Bundes https://t.co/mvOqHl4p53",N
770941045643341824,Con ganas ya de que llegue septiembre  Y comenzamos ma√±ana nueva temporada en @DelecturaOblig.  #adiosagosto,P
770940498710257666,"@_lauu_20 Gracias por lo de ""√≠dolo""  Aunque solo soy una persona normal y corriente que escribe libros ",P
770948309347364864,@Rokkowen TODOS SIEMPRE tienen carita de super buenos y adorables pero luego la l√≠an ,N
770947417130885120,@Sr_Zeta hola vengo de intagram  en verdad ya te seguia pero hola igualmenteüôÑ‚ù§Ô∏è,P
770947177657008129,"Llevo toda la ma√±ana haciendo cosas y no he podido ver ni moon lovers, ni signal, ni nada ",N
770944329540075520,"""No tenemos la sensaci√≥n de ir a un trabajo"", din os @PIXIES  Eu na ofi lendo o @rockdelux, tampouco a te√±o  https://t.co/MEG8DZVVTn",P
770943120179691520,"@VicentIvars @JJCuerda @eljueves pero hombre, eso ya lo hab√≠a le√≠do  La pregunta es... ¬øCu√°l pretende ser el titular completo?",NONE
770942611997724672,Las horas que son y sigo sin ser capaz de ponerme a estudiar....el sue√±o puede conmigo ,N
770915801654329344,"Voy a sentar a mi sobrina en el m√©dico y me dicen uno s√∫per mal ""est√° ocupado"" y le digo yo, pues se desocupa para la ni√±a ",N
770915744980795392,"@BenitoVGC el Sabueso es muy malo, el le√±ador mola   Quiero minero y mago de hielo ",NEU
770958769949999104,"HIJOS DE PUTA, dejad de darle rt a los otros y preguntadle a alguien por mi que no se a cuantos le he dao rt y solo ha respondido 1 ",N
770958035648913408,"@tonyoaguiar @albertopedroche Anda castr√≥n, com√≠ aquel troc√≠n peque√±o que me cortaste ",N
770787189319925760,A m√≠ nunca me podr√°n hacer una broma porque no cojo llamadas y menos cuando son ocultas ,NONE
770795402534715392,@anaamontull_ @IreneCarro_8 @MariloGarciaa6 con una peque√±a donaci√≥n har√° felices a miles de chicas que no tienen  #asociacionmariloli,P
770910217999712256,@CatedraRSC_UAH Muchas gracias!! Feliz por haber formado parte de esta edici√≥n del Master! ,P
770909472785039360,me cago en mi puta vida y en el puto vecino por hacer tanto ruido de buena ma√±ana ,N
770926989591056385,"@manuelortegama4 se llama Wolf, es la mascota #SeSalen en apoyo a los deportistas paral√≠mpicos  M√°s inf https://t.co/KQl89uDr3h üòÉ",NONE
770929359611891712,@Realba74 @InterSerEd genial Rebeca !! Este era mi deseo al escribirlo. Seguir√© escribiendo en esta linea pr√°ctica ,P
770949040804691968,"#HistoriasAlegresEn4Palabras ""hoy trabajo en compa√±√≠a"" y es que en @TaludEria se trabaja rodeado de gente muy maja  #Coworking #Oviedo",P
770933976349417472,@Aitt7 calla que yo estoy ahora en mi d√≠a libre y las horas se pasan m√°s r√°pido que poniendo copas en el bar ,N
770937557823721472,"@CsCValenciana @Albert_Rivera Como mejor luchar contra la crisis, unidos o siempre enfrentados.  Lo tengo claro.",NEU
770888205822484480,As√≠ leyendo entre l√≠neas y el discurso de @sanchezcastejon igual vota que no a Rajoy. #InvestiduraOndaCero ,NONE
770887977769766912,"@policia. ""Precauci√≥n amigo conductor que la senda es peligrosa...."". Lo importante es llegar. ",NONE
770884213214248960,"@Julio_C_19 Hola Julio, para que las pizzas lleguen en las mejores condiciones, marcamos la pizza, no la cortamos ",NONE
770905076315586560,Ayer fue un d√≠a de emociones muy encontrada se acerca septiembre por un lado y por el otro una personita que siempre me hace sonre√≠r ,NEU
770902925736566784,No silencio lo que calla. Es la vida suspendida hasta que brotan las ganas de bailarla.   #creatividad https://t.co/VXMZt8AVyJ,NONE
770877882222673920,Qu√© bonito es ser mujer  y que te joda los planes que tenias  y que te despierte el dolor de ovarios  üò°üò°üò°üò°,N
770921497439375361,"@tooruskywalker no hab√≠a casi nadie hablando del tema  (y tampoco puedo encontrar el v√≠deo, sad)",N
769849378664288257,"@ItsMeCar0l ¬°Hooola, buenas! Soy el que ten√≠a los ojos rojos en la fiesta de Elle  ¬°Te sigo !",NONE
769848646867222528,"@Rafuki21 178. Sabes que me caes muy muy bien, y que en un futuro te dar√© un poco el co√±azo con dudas de Dise√±o Gr√°fico ",P
769813079597121536,"@Swareles, ¬°muchas gracias, Carla! De momento han ca√≠do tres, as√≠ que no empieza mal el d√≠a ",P
769808917518049280,"¬°¬°Muchas felicidades en el d√≠a de su cumplea√±os a un buen amigo como @sagastiker!! A pasarlo en grande, compa√±ero ",P
769645693090889728,Hola estoy que reviento por haberme comido un box de kebab ayudadme a morir gracias ,N
769766061126344704,"Despu√©s de casi un mes entero sin √©l... puff, espero no echar temporadas tan largas sin verlo ",N
769581132543393792,¬øNo os pasa que en ferias pod√©is ver a una persona como unas 29 veces y justo a quien quieres ver no le/la ves ni una jodida vez? ,N
769580324145754113,"Tambien subire el changelog a lo largo de estos dias, estaros preparados porque viene todo de golpe! ",NONE
769606898899382272,"@FutbolModestoEs Que guap√≠simo , dejaron mendizorroza, pero San mames ... de los + guapos del MUNDO¬°¬° sin duda.(opini√≥n) ",P
769633726254972928,BABY @BlasAuryn #FollowSpree. y la suerte de la semana pasada???  esto ser√≠a demasiado grande para mi.,N
769633700757770240,"@sport JA JA JA JA JA  Teneis el ojino como la bandera de Jap√≥n ,hijos de la gran puta ",N
769628218341072897,"@Tokpelotas estos √∫ltimos d√≠as han sido una detr√°s de otra. Ahora mismo nos vamos a La Fe a que miren a Pau, otra vez bronquitis ",N
769653702554681345,"Creo que pocas veces he estado tan enfadado como esta ma√±ana, pero bueno, entre Uncharted 4 y el ejercicio me han animado ",NEU
769869979646828544,Echo de menos a Lexa  mis bragas ya no vuelan tanto como antes. Ya no me hace falta limpiarlas cada 5 minutos ,N
769868859406950401,@AraMalikian Lo hemos pasado en grande con las 4 estaciones. Una aut√©ntica gozada para toda la familia ,P
769961235186155521,Plan perfecto para terminar el fin de semana. @AthleticClub - @FCBarcelona_es. Despu√©s @VillarrealCF - @SevillaFC ,P
769960084306792449,"Utop√≠ audiencia estable, media de m√°s de 8'5 en Imdb etc... Pero fue cancelada. No se puede tirar tanto de la manta farmac√©utica ",N
769965167190937600,mi vida es una mierda primero me enamoro de un macedonio en ibiza y ahora del timbales de la panorama ,N
769959690092642304,Tranquilos que con el.dinero de Camacho seguro ma√±ana empiezan las escabadoras en el Arraijanal ,P
769966461045571584,@Hectorfernandez @Alaves Pellegrino ha dotado al equipo una gran consistencia defensiva. Y buenos fichajes ,P
769965623615037479,@pichyniboss te queda bien tio! Espero que esteis todos pasando un buen verano ,P
769628633543667712,@PITjjjimenez_PK Denada  porcierto hazme un hueco en tu agenda de combates quiero ver lo que es capaz tu monotype contra el mio ,P
769664297140125696, Esta semana ha sido tan chachiosa que ya puedo decir que el verano se ha acabado de una manera decente  y lloro,NEU
769642483869446144,"@FrayJosepho @Hienosdeorgullo @Capt_E_Navarre M√°s bien imposible. A no ser q se convierta al Islam, claro ",NEU
769640318920720384,Apenas me he muerto de miedo pasando por la plaza donde se hace la hoguera de San Juan toda oscura. ,N
769904504531722240,"@pocho_f1 pero McLaren parece q mejora, 1,5s mas r√°pido que el a√±o pasado en Qualy, y mantuvo a raya a los williams en Spa! ",P
769829491246071808,"Como dice @quique_gonzalez , se escapa otro verano en un furg√≥n blindado    @salaBBK #Bilbao #QuiqueGonz√°lez  https://t.co/WeaevYCT2L",N
769826140693401600,"No he ganado ni ganar√© nada del concurso  Me lo esperaba,soy gafe y al fin y al cabo la suerte no esta NUNCA de mi parte. #prayforiaben",N
769903787184164864,En verd√° llevo sin jugar al pokemon go desde que volv√≠ de Galicia porque ver que en Madrid no me sale nada guay me deprime y mucho ,N
769902370755084289,Mi padre le ha dado un manotazo a mi m√≥vil y gracias a Dios que lo que se ha roto ha sido el cristal templado ,N
769908335315484672,"Quiero el pelo negro azulado y no s√© c√≥mo conseguirlo  los tintes de ese color que me he echado, no han hecho nada.",N
769906825756106752,"@Serjo77_ ya pero que estoy diciendo que el feminismo no es lo contrario de machismo es el hembrismo q como tu dices, no existe ",NONE
769880968807190528,"@ithaisa_sm @SuperScienceMe La verdad es que si, muy bonito  Me alegro que te haya gustado ! Y que hayas aprovechado el paseo virtual jeje",P
769620100475449344,@Nuchiky est√° en textos en ingl√©s y voces en japon√©s. Que desilusi√≥n me he llevado al poner el juego  habr√° que acostumbrarse üòï,N
769599335092944896,¬ølo m√°s gracioso? que si no defiendes/apoyas/eres activista del feminismo pues ya eres un machista opresor ,N
769598638007939072,@saez_cristina @muyinteresante @Fairphone Genial ! Est√° genial que la gente conozca un poco m√°s estas alternativas ,P
769598400572624896,@ciberchenet Porque nunca nos toca un arbitro bueno? Hay alguno que sea bueno para el Valencia? ,N
769623178666733568,"Nunca he tenido esta sensacion, ¬øme la har√≠as sentir? Es muy importante para m√≠ Blas @BlasAuryn  #followspree",NEU
769580253459148800,@Idolsftdjom @_jesus_OM @DanieloviedoM obviamente tia JAJAJAJAJA q soy la mayor  osqqqqq pero venir ya ofu,NONE
769875908933120000,"@borjald Ahora, la alternativa es incoherente e igual de inviable a d√≠a de hoy. En eso creo que estamos de acuerdo ",N
769873590942633986,"@SergioRevolS Pero este verano tampoco ha llegado a hacer calor, sobre todo si lo comparamos con el pasado ",P
769917463400153093,@mariamira67 que nos regales con capturas de imagen de tus actividades ya no es sorpresa. Lo sorprendente es que tienes inivitado! ,P
769831009613479936,@Avenghelyne un bq Aquaris m5.5 de hace un mes exacto y ya fallan cosas   Busco uno que sea fluido y no me de problemas y buena garantia,N
769818969796739072,"@eloycanovas jajaja! genial, te deseo lo mismo  los d√≠as se construyen, verdad?",P
769816336306429953,@leeahistheway ya... ha sido muy grotesco por mi parte poner una foto de Ojeda a las 10:30. Perdona ,N
772545702874476545,"@sdelgadoaros ..por cierto, en USA obligan a parir a una ni√±a de 12 a√±os, embarazada a caua de una violaci√≥n..? (Es para unas amigas) ",N
772544493614690304,Y los directos deber√≠an ser totalmente estables (ya que en Madrid sol√≠an darme problemas) Se vienen cosas chulas ,P
772542207828062208,odio la ubicaci√≥n de tw porque yo la quiero dejar puesta pero cada vez que tuiteo me sale el nombre de mi pueblo y no quiero eso ,N
772539643720007680,Hola @TonyAguilarOfi nos gustar√≠a escuchar #UnMinutoSinDolor nuevo single promocional de @DulceMaria en #40GlobalShow51 @40GlobalShow ,P
772551954425872384,"@JuditRT home pues todos. L y M me tengo que levantar prontisimo para solo una hora y luego X, J y V tengo muchas horas  y clase todos los",N
771440336572915712,@Pudimos_ @iunida brutal! Como se parece a las manis separatistas en Catalunya!! Espero que todos consigan la anhelada libertad ,P
772425237879222272,"@jcrlaguera @sinfaltas_com @delcastellano s√≠, es usual en Pa√≠s Vasco y zonas lim√≠trofes, pero no me cab√≠a lo √∫ltimo en el tuit ",NONE
772500343477403652,"@jrfern @xarxatic IA no lleg√≥ a ser social. Fue un espacio social de dinamizaci√≥n, muy √∫til, pero con fecha de caducidad. Y abrumador. ",N
772506066219335680,@oskiblasco te juro que cuando el que gan√≥ el pantin classic tiro la gorra y yo salte a por ella me calleron 2 encima y me aplastaron  JAJ,N
772478723996184577,@pacoleonbarrios Aun hace calor pero las piscinas ya est√°n cerradas y el mar pilla lejos  El Corte ingl√©s no ha dicho a√∫n que se acaba...,N
772043224714190849,".@enricaar @aurearamon @Congreso_Es @Esquerra_ERC @gabrielrufian El sigu escuela y administraci√≥n triling√ºe.  ¬øLe parece?  ""#somescola""",NONE
772080944140394496,La envidia que le tengo a los que est√°n conociendo a Jenko y Danielle ahora mismo no es normal. Es que ya aunque coja un avi√≥n no llego. ,N
772375984301568000,Me alegro mucho por vosotros! Sois una familia ideal  @mola_viajar aqui v si es ni√±o Erik y si es ni√±a Esther jaja üíó,P
772521623551348736,@V966Cobano Ojal√° personaje! Pero tengo examen el 12  De todas formas hablamos para la semana siguiente que ya se lo he dicho a Fernando!,N
772508906828562432,#astroymas lo necesito. Se me acaba de romper   snifff snifff  gran podcast!!! saludos desde A Coru√±a (Espa√±a)   ,N
772448468560441344,"Bueno, pues vamos a recuperar el tiempo perdido. Empezare por descargarme el Manchester City - West Ham, a ver que tal ",P
772487315042209792,@Se_Wilk @CiutadansCs @PrensaCs @mrhciudadanos @AlfonsoRojoPD Gran capacidad de an√°lisis de @InesArrimadas en esa entrevista. #visi√≥n ,P
772462960698650625,"#feliz domingo.. que todos encontremos la gloria bendita, el ocio, la magia, los besos compartidos de amor, el duende.. ",P
771432130886901760,@llillitto @CarreraCSIC @TrofeoJose_Cano @correporsiria @mediodemadrid @MitinAtletismo @nortevssur1 gracias  me lo paso genial haci√©ndolo!,P
771386037214048256,"@astrongergirl "" En alg√∫n momento empec√© a mirar m√°s al suelo que al cielo "" "" Estoy harto de llorar, as√≠ que intento sonre√≠r "" ",N
771352799607160833,@AccidentesTV Tengo entendido que en ese v√≠deo los que salen son trampeadores que se dedican a atrapar y luego liberar lobos sin muerte ,NONE
771399989176205313,Ahora que empiezan las jornadas de toros en esta ciudad me pongo un poco m√°s triste al ver que seguimos sin evolucionar en muchas cosas ,N
771377812053819392,Que dificil es retomar los estudios despues de dos meses sin tocar un libro.. #pereza #ganascero #septiembre=examen ,N
771457906516566016,"@ClaudioSensasao @MsRose_84 @geraldine_balme ¬°Cada vez sois m√°s! Las risas est√°n aseguradas entonces. Ma√±ana preguntamos, dadlo por hecho ",P
771456610552123392,"@Oviedo_crt digamos que soy lo bastante mayor para q si se pone tonta,ponerla en mis rodillas y darle unos azotes en el culete ",N
771471322283175937,"@gregollaniz @juliorj10 Hablaba normal, con alguien, antes de q usted se metiera insultando. Deber√≠a tener m√°s educaci√≥n ",N
771477031288729604,"@escardi muchas felicidades en el d√≠a de tu cumplea√±os sensual, espero que te lo pases genial y recibas muchos regalos suculentos ",P
771339035445002240,#feliz septiembre..es bonito retarse..es increible lo mucho que puedes aprender.. medirse con el obst√°culo..eres la joyita de la corona ,P
771338661933834240,"@juanlebrijo Esa posibilidad est√° contemplada y, si hiciera falta, x el bien de Espa√±a y por responsabilidad volver√≠a a hacerse sin dudar ",NEU
771337490317840384,No puedo evitar ir a beber una lata de refresco y acordarme de @LourdesBiurrun family y terminar sirvi√©ndome en vaso... ,NEU
771337139976015873,@MadnessOctopus ya... hay gente que es capaz de hacer eso. Yo si me coraz√≥n me pide poner cara de seta. No soy capaz de sonreir ,N
771335742480084992,"@Moguei @Begomix no tiene bastante con tener DOS puntos de salud, adem√°s est√° enamorad√≠sima de la princesa y la princesa de la mala ",N
771361293861289985,"@Dekainfame s√≠, he le√≠do eso, pero luego he le√≠do OTO√ëO, NOVIEMBRE, DICIEMBRE y me ha dado baj√≥n  Adem√°s no tengo ni ds ni juego ",N
771296174066245632,@JosMan_GoGi El efecto a largo plazo es la desafecci√≥n mayoritaria entre la izquierda  El votante se cansa y se queda en casa.,N
771304215746445312,@Sara_benben pero el caso es que en Humanidades hay lat√≠n y griego y yo en mi vida he dado latin y griego as√≠ que me iria fatal en ellas ,N
771308689810534402,"URGENTE!!! VENTA MY NAME TIKETS!!! Tengo dos tickets ULTIMATE VIP pero no podemos ir  los vendo m√°s baratos, contactad conmigo!!!",NONE
771302640252747777,"@CucoRguez Ya, estoy jugando al rat√≥n y al gato. No solo voy, me quedo a dormir ma√±ana en vuestro hotel. Quedamos fijo. ",P
771720387751211008,"@Alvaro845 @progames045  tienes toda la razon alvaro! Soy un gran fan tuyo tu me ense√±aste casi todo de clash of clans, eres el mejor!!! ",P
771783543575937024,@DBeletujo ajajajaja yo en Benidorm vi a dos mujeres con carritos de beb√© y los perros dentro y cuando las vimos nos quedamos flipados ,N
771791555493498880,@SophiaBush Pero me gusta la Idea.  Ver chicas fuertes luchando al estilo Dragon Ball Z y en versi√≥n real. ,P
771493603759812608,"@timetransfixed_ te juro que no me acuerdo solo s√© que alba hizo el v√≠deo inmit√°ndole, no recuerdo absolutamente nada del original ",N
771468748607881216,"@bigotingos   Ilustres, Jose.  Qu√© f√°cil salen los insultos viendo c√≥mo hemos empezado Burgos y Murcia ",N
771608605757890560,Han talado el abedul gigante que hab√≠a en la esquina de R√≠os Rosas con Castellana  ¬øAlguien sabe porqu√©? #Madrid,N
771615244720365568,Demasiadas cosas raras en poco tiempo! Anda y que les follen 0 complicaciones 0 historias   Me voy a la playa y viva Espa√±a! ,N
771807457567965184,"Acabo de comprobar en Linkedin  si eras mi antiguo alumno, tengo un gran recuerdo @alexldguevara  Te deseo lo mejor @vlcextra",P
771695148568813569,"@Pedro_GarMu uy qu√© bien me vendr√≠a para colocar la WiFi, el port√°til, las flautas, el saxo, el nariclete, las partituras y mi desorden ",P
771694556005924864,@Comunikaa2 me alegro mucho!! es importante darnos cuenta del gran valor que podemos aportar y encontrar nuestra misi√≥n ,P
771861553067032577,"Yo estaba cansadete, pero de repente me habla a un amigo para jugar un ratejo a la Beta de Battlefield 1, y qui√©n le dice que no al chico ",P
771835991892131840,Es decente tener un Gobierno democr√°tico que cumpla su funci√≥n politica. NO lo es tener un Gobierno que representa la #corruPPci√≥n ,N
771838834975838208,"@TichKhan_ d los cines donde la hacen este finde,el+accesible es el icaria,q ha bajado precios(no me pagan xD),o las matinales de DiagMar ",P
771874957882171392,"nos subtitulos de Bojack horseman tan hablando de El Pais, El Mundo, El Mundo Today y Alaska y Mario y ye terrible ",N
771846863754555392,@juanarza @JuanCladeRamon lo he intentado. Espero q en los pr√≥ximos d√≠as veamos una ilustraci√≥n pr√°ctica q ayude a clarificarlo ,N
772771364696649728,"@BiciMAD Bien, ahora solo falta que pong√°is una estaci√≥n en #PuenteDeVallecas para poder ir en bici hasta mi casa ",P
772838570860118016,"@RinAnllel Uno aprende que el mejor momento de crear bonitos recuerdos es el presente, el pasado ya fue, te toca elegir lo que va a ser ",P
772872089489539072,"@pasapalabraT5 @RaquelBielsa @_fraanb_ Gracias, lo √∫nico que me hace feliz es escuchar m√∫sica, adivinar y ganar ",P
772868083891466241,"@Anina97 Pues a mi me pas√≥ una experiencia paranormal all√≠ de noche y no he vuelto, pas√© much√≠simo miedo ",N
772856297314222080,Esta decidido. ¬°Habr√° Modo Carrera en el canal en FIFA 17! Si este tweet llega a los 30 likes desvelar√© el equipo con el que se har√° ,NONE
772818960173719552,"@MoratoX_ genial, pero ten cuidado est√° muy vigilado, este est√° hecho con uno casi de juguete, Syma X5c, casi no entra√±a riesgo ",NEU
772816974388887553,Tengo dos horas seguidas de lat√≠n y griego.  Dos horas seguidas con la misma profesora.  Menos mal que me cae bien.  Pero son DOS horas.  ,NEU
772813954955481088,"@YJaretir al cine no es rom√°ntico, vale. Yo de regalar algo soy m√°s de dildos, lubricantes, o comida, algo de buen uso y luego doy masaje ",N
772796443623129095,@DesireeDelgado yo llevo medio verano debajo de la dichosa m√°quina... menudo verano largo este a√±o de sofoco... ,N
772799248828170241,Cuando suben tres fotos tuyas representando tres clases de la Escuela de M√∫sica y sales de todo menos bien ,N
771107499281903616,@___abm13 me has borrao del lol? ,N
771268891834130433,"@aletheia7 s√≠, ya estoy resignado en ese sentido ",N
773304255570644992,Era m√°s grande de lo que parece. ,NEU
773280415209619456,@Galan_Javichu lo que estoy es deprimida ,N
773338659982639106,tu en serio por que sois tan tontos ,N
773513978215600128,Ir√© a la bgw con una peque√±a sorpresa ,NEU
773519734390349825,"No es que ahora no sea feliz, pero antes lo era m√°s ",N
774733804833472512,Ma√±ana va a ser un d√≠a guay ,P
774695287717855232,Qu√© jodido es ser del @RealZaragoza hoy ,N
773655060484153348,@marinj460 a mi me a pasado en la 76 ,NONE
773551888990076928,Estoy muy preocupado por √©l con lo bueno que es ,NEU
773650684386443266,@Pattvh_ no porque no los tienes activados a todos ,NONE
773667964021272576,"@MrJungla ya somos dos, que triste ",N
773667831498018821,@DovakhiinMudo 9 por lo buenico que eres  üíú,P
773238965709176832,@chefidiaz no seas muy dura ,N
774194312007520256,Ya me encuentro mucho mejor. ,P
773970808192528384,alguien duo por la noche? ,NONE
774749669180182530,"Que os den, buenas noches ",N
774979102742876160,Hoy es un d√≠a especial. Feliz 11S. ,P
774978402377949184,"@anna_delaossa ya no tengo mas , soy pobre ",N
774957359894556676,Quiero ir a la Diada ,NEU
775005791136997377,@AndreaJArsenal a m√≠ en directo pero ,NONE
773444810044768256,@CodigoNoVerbal Tanto como nosotros de que la impartas ,P
775044444118720512,@Ssictor No todos somos gilipollas ,N
773112600284499968,Un d√≠a la casa para mi sola por f√≠n ,P
773210077381718016,@VasoDeLejia Pero si yo soy inocente  o no lo soy..,NEU
773136593150443520,Luego la rara soy yo ,N
773184057387655168,Esto de estar feliz mola ,P
773162483821449216,que ganas del FF XV en serio ,NEU
773126032626970624,@Monicadocatelan no se si ser√© tan despreciable ,N
773027014513139714,Las 7 y cuarto y yo aqu√≠ ,NONE
767848662747770880,"@WaterLiliesMon_ no las des, en serio. ",NONE
767680782135590912,@showmystyles pero esa no es bonita ,N
768784012966031361,@ionrumanboy no es tan facil ,N
768895216027860992,Ya me han picado los bichos ,N
768868652795977728,Me voy a despejarme un poquito por ahi ,NEU
767366115999834112,Que coraje me dan lxs prepotentxs ,N
767394018527436800,ah bueno y no tengo dinero ,N
767521151262351361,Encima estoy en mal de amores tio. ,N
767432328381693952,En realidad no soy tan blanca ,NEU
767388791543914497,Tengo los md abiertos Crushes ,NONE
768234582630072320,Lo peor es que no es aposta ,N
768184386206441472,@nyctophyle tia eso es muy raro ,N
768163226240647168,Soy muy obvia pero me la suda ,NEU
768067818378104832,@ibk_lx7 Ps porque t√∫ lo eres conmigo ,NONE
767817325680660481,@eduarsarcos yo no soy normal ,N
769274823818215424,ten√≠a un mensaje directo y estaba ,NONE
769307188326240256,"@cakebaess no lo es, tranquila ",P
769325141121703936,Me estoy muriendo de lo malo que estoy ,N
769190253911543808,@Maria_livefree yo ya lo tengo bonica ,P
768382033429164032,A ver s√∫per cutie y tal pero ,N
768371291275624448,Me encuentro muy mal hoy no estoy para trabajar ,N
769559274104164352,@Mentestropeada Bof tio que duro ,N
768942387305521152,@Hekiina es que la intimidas ,N
768961384424038402,@mariaaravjo oye pero yo no soy tan burguesito sbs ,N
768772572754436098,@GordoMaestro No lo soy lemado ,NEU
757481442532286464,Xq ta cerrao el estanco ,N
757601971562024964,@YelouKitty pero eso no es grasioso ,N
757593585634213888,@Davorias Pero es que est√° muy rica ,P
757585725764362240,@narvalillo Eso es antiguo ya ,N
757097408304148480,Mi TL esta vac√≠a a estas horas ,N
757971881077182464,"Ya tengo uno, pero ese es m√°s cheto  @aweamasome.",NEU
757949870124695552,Estoy sensible y lloro por todo y ,N
